res_name,avg_age
Imperial,54.4000000000000000
Zaitoons,54.6000000000000000
Leon Grill,56.1000000000000000
Khan Saheb,57.1818181818181818
KFC,60.8000000000000000
Burger King,61.3000000000000000
CTR,62.1111111111111111
Empire,62.5000000000000000
Taco Bell,72.1000000000000000
